time,seconds_elapsed,brightness
1682880504046000000,1.004000244140625,0.5
1682880505039000000,1.997,0.5
1682880506040000000,2.998,0.5
1682880530142000000,27.100000244140624,0.5
