time,seconds_elapsed,lux
1682880493788855000,-9.25314501953125,0.9762499928474426
1682880505776427500,2.734427490234375,0
1682880530233102300,27.191102294921876,0.7087500095367432
